"County","meanCO"
"Bronx",3.61797752808989
"Erie",2.97560975609756
"Monroe",2.92134831460674
"New York",3.91780821917808
"Queens",3.97462686567164
"Steuben",1.35014836795252
