"County","meanNO2"
"Bronx",23.5040983606557
"Erie",15.6954474097331
"Monroe",11.384858044164
"Queens",24.2513661202186
