"County","meanPM10"
"Bronx",10.7571428571429
"Erie",9.96296296296296
"Monroe",8.50847457627119
"New York",11.9090909090909
"Queens",11.0408163265306
